photo_id,image_url,pin_image_file,title,description,board,destination_url,keywords,status
"18","https://images.wildphotography.com/derivatives/18/2021-05-02-09-43-23-beaches-1160-large.jpg","public/generated/pinterest/18-12-colorful-birds-in-costa-rica-b1e2607f03.jpg","12 Colorful Birds in Costa Rica","Explore real Costa Rica photography from WildPhotography.com. Discover birds, toucans, Manuel Antonio, Costa Rica, wildlife, beaches, waterfalls, and travel inspiration through a searchable Costa Rica photo archive.","Manuel Antonio Costa Rica","https://wildphotography.com/photo/keel-billed-toucan","keel-billed|toucan|keel-billed toucan|bird|costa rica|san josé|nature photography|wildlife|travel photography|nature|outdoor","queued"
"15072","https://images.wildphotography.com/derivatives/large/d3d119e6036ff48f3b63e2d252d16d62962b5e5869c137d8dac0e528408be69f.jpg","public/generated/pinterest/15072-where-to-see-toucans-in-costa-rica-f49678d9c4.jpg","Where to See Toucans in Costa Rica","Explore real Costa Rica photography from WildPhotography.com. Discover birds, toucans, Birds of Costa Rica, wildlife, beaches, waterfalls, and travel inspiration through a searchable Costa Rica photo archive.","Costa Rica Birds","https://wildphotography.com/photo/img_3641-1","yellow-throated|toucan|ramphastos|ambiguus|birds|san josé|costa rica|bird|wildlife|nature|photography|Neotropics","queued"
"15073","https://images.wildphotography.com/derivatives/large/17cb9ac620874ca9d6137a1ad2fefaa5abc70843296bb5bac8ecf584a43881fc.jpg","public/generated/pinterest/15073-where-to-see-toucans-in-costa-rica-050e6e6d8f.jpg","Where to See Toucans in Costa Rica","Explore real Costa Rica photography from WildPhotography.com. Discover birds, toucans, Birds of Costa Rica, wildlife, beaches, waterfalls, and travel inspiration through a searchable Costa Rica photo archive.","Costa Rica Birds","https://wildphotography.com/photo/img_3663","yellow-throated|toucan|ramphastos|ambiguus|birds|san josé|costa rica|bird|wildlife|nature|photography|Neotropics","queued"
"92384","https://images.wildphotography.com/derivatives/6e/626ca8772215eaae2629139aebb358.jpg","public/generated/pinterest/92384-tropical-wall-art-from-costa-rica-06be4e983f.jpg","Tropical Wall Art from Costa Rica","Explore real Costa Rica photography from WildPhotography.com. Discover birds, toucans, Toucans of, wildlife, beaches, waterfalls, and travel inspiration through a searchable Costa Rica photo archive.","Costa Rica Birds","https://wildphotography.com/photo/birds-toucans-db1ca479","bird|toucan|aracari|wildlife|Costa Rica","queued"
"84349","https://images.wildphotography.com/derivatives/84349/large.webp","public/generated/pinterest/84349-toucans-photography-from-costa-rica-0ad3b371e1.jpg","Toucans Photography from Costa Rica","Explore real Costa Rica photography from WildPhotography.com. Discover birds, toucans, Birds, wildlife, beaches, waterfalls, and travel inspiration through a searchable Costa Rica photo archive.","Costa Rica Birds","https://wildphotography.com/photo/img-8427","toucan|Costa Rica|tropical bird|wildlife|rainforest|nature|yellow-throated toucan|birdwatching|exotic fauna","queued"
"47568","https://images.wildphotography.com/derivatives/large/47568_birds--_img_1025_large.webp","public/generated/pinterest/47568-21-beautiful-birds-in-costa-rica-f7c52b2076.jpg","21 Beautiful Birds in Costa Rica","Explore real Costa Rica photography from WildPhotography.com. Discover birds, toucans, Birds, wildlife, beaches, waterfalls, and travel inspiration through a searchable Costa Rica photo archive.","Costa Rica Birds","https://wildphotography.com/photo/birds--_img_1025","toucan|birdwatching|avian|macaw|ara macao|lapa|scarlet macaw|nature photography|costa rica birds|wildlife|keel-billed toucan|Costa Rica","queued"
"47580","https://images.wildphotography.com/derivatives/large/47580_birds--_cl0a1052_large.webp","public/generated/pinterest/47580-7-breathtaking-birds-in-costa-rica-4bd9ad1403.jpg","7 Breathtaking Birds in Costa Rica","Explore real Costa Rica photography from WildPhotography.com. Discover birds, toucans, Birds, wildlife, beaches, waterfalls, and travel inspiration through a searchable Costa Rica photo archive.","Costa Rica Birds","https://wildphotography.com/photo/birds--_cl0a1052","toucan|birdwatching|avian|macaw|ara macao|lapa|scarlet macaw|nature photography|costa rica birds|wildlife|keel-billed toucan|Costa Rica","queued"
"47548","https://images.wildphotography.com/derivatives/large/47548_birds--_img_1418_large.webp","public/generated/pinterest/47548-15-colorful-birds-in-costa-rica-6bf3c88fdd.jpg","15 Colorful Birds in Costa Rica","Explore real Costa Rica photography from WildPhotography.com. Discover birds, toucans, Birds, wildlife, beaches, waterfalls, and travel inspiration through a searchable Costa Rica photo archive.","Costa Rica Birds","https://wildphotography.com/photo/birds--_img_1418","toucan|birdwatching|avian|macaw|ara macao|lapa|scarlet macaw|nature photography|costa rica birds|wildlife|keel-billed toucan|Costa Rica","queued"
"47558","https://images.wildphotography.com/derivatives/large/47558_birds--_img_7818_large.webp","public/generated/pinterest/47558-beautiful-birds-from-costa-rica-d233a62dd2.jpg","Beautiful Birds from Costa Rica","Explore real Costa Rica photography from WildPhotography.com. Discover birds, toucans, Birds, wildlife, beaches, waterfalls, and travel inspiration through a searchable Costa Rica photo archive.","Costa Rica Birds","https://wildphotography.com/photo/birds--_img_7818","toucan|birdwatching|avian|macaw|ara macao|lapa|scarlet macaw|nature photography|costa rica birds|wildlife|keel-billed toucan|Costa Rica","queued"
"47570","https://images.wildphotography.com/derivatives/large/47570_birds--_cl0a1521_large.webp","public/generated/pinterest/47570-toucans-photography-from-costa-rica-453fd72c37.jpg","Toucans Photography from Costa Rica","Explore real Costa Rica photography from WildPhotography.com. Discover birds, toucans, Birds, wildlife, beaches, waterfalls, and travel inspiration through a searchable Costa Rica photo archive.","Costa Rica Birds","https://wildphotography.com/photo/birds--_cl0a1521","toucan|birdwatching|avian|macaw|ara macao|lapa|scarlet macaw|nature photography|costa rica birds|wildlife|keel-billed toucan|Costa Rica","queued"
"47572","https://images.wildphotography.com/derivatives/large/47572_birds--_cl0a1659_large.webp","public/generated/pinterest/47572-tropical-wall-art-from-costa-rica-343e0e2600.jpg","Tropical Wall Art from Costa Rica","Explore real Costa Rica photography from WildPhotography.com. Discover birds, toucans, Birds, wildlife, beaches, waterfalls, and travel inspiration through a searchable Costa Rica photo archive.","Costa Rica Birds","https://wildphotography.com/photo/birds--_cl0a1659","toucan|birdwatching|avian|macaw|ara macao|lapa|scarlet macaw|nature photography|costa rica birds|wildlife|keel-billed toucan|Costa Rica","queued"
"47544","https://images.wildphotography.com/derivatives/large/47544_birds--_img_7447_large.webp","public/generated/pinterest/47544-toucans-photography-from-costa-rica-1a012e3ddb.jpg","Toucans Photography from Costa Rica","Explore real Costa Rica photography from WildPhotography.com. Discover birds, toucans, Birds, wildlife, beaches, waterfalls, and travel inspiration through a searchable Costa Rica photo archive.","Costa Rica Birds","https://wildphotography.com/photo/birds--_img_7447","toucan|birdwatching|avian|macaw|ara macao|lapa|scarlet macaw|nature photography|costa rica birds|wildlife|keel-billed toucan|Costa Rica","queued"
"47542","https://images.wildphotography.com/derivatives/large/47542_birds--_img_7190_large.webp","public/generated/pinterest/47542-toucans-photography-from-costa-rica-d97c358a9f.jpg","Toucans Photography from Costa Rica","Explore real Costa Rica photography from WildPhotography.com. Discover birds, toucans, Birds, wildlife, beaches, waterfalls, and travel inspiration through a searchable Costa Rica photo archive.","Costa Rica Birds","https://wildphotography.com/photo/birds--_img_7190","toucan|birdwatching|avian|macaw|ara macao|lapa|scarlet macaw|nature photography|costa rica birds|wildlife|keel-billed toucan|Costa Rica","queued"
"47556","https://images.wildphotography.com/derivatives/large/47556_birds--_img_6704_large.webp","public/generated/pinterest/47556-best-birds-in-costa-rica-fb447ba6d1.jpg","Best Birds in Costa Rica","Explore real Costa Rica photography from WildPhotography.com. Discover birds, toucans, Birds, wildlife, beaches, waterfalls, and travel inspiration through a searchable Costa Rica photo archive.","Costa Rica Birds","https://wildphotography.com/photo/birds--_img_6704","toucan|birdwatching|avian|macaw|ara macao|lapa|scarlet macaw|nature photography|costa rica birds|wildlife|keel-billed toucan|Costa Rica","queued"
"47574","https://images.wildphotography.com/derivatives/large/47574_birds--_cl0a1660_large.webp","public/generated/pinterest/47574-10-stunning-birds-in-costa-rica-091acc3800.jpg","10 Stunning Birds in Costa Rica","Explore real Costa Rica photography from WildPhotography.com. Discover birds, toucans, Birds, wildlife, beaches, waterfalls, and travel inspiration through a searchable Costa Rica photo archive.","Costa Rica Birds","https://wildphotography.com/photo/birds--_cl0a1660","toucan|birdwatching|avian|macaw|ara macao|lapa|scarlet macaw|nature photography|costa rica birds|wildlife|keel-billed toucan|Costa Rica","queued"
"47610","https://images.wildphotography.com/derivatives/large/47610_birds--_img_4441_large.webp","public/generated/pinterest/47610-tropical-wall-art-from-costa-rica-4d6161e64d.jpg","Tropical Wall Art from Costa Rica","Explore real Costa Rica photography from WildPhotography.com. Discover birds, toucans, Birds, wildlife, beaches, waterfalls, and travel inspiration through a searchable Costa Rica photo archive.","Costa Rica Birds","https://wildphotography.com/photo/birds--_img_4441","toucan|ara macao|macaw|keel-billed toucan|nature photography|wildlife|scarlet macaw|lapa|birdwatching|costa rica birds|avian|Costa Rica","queued"
"47578","https://images.wildphotography.com/derivatives/large/47578_birds--_cl0a0992_large.webp","public/generated/pinterest/47578-where-to-see-toucans-in-costa-rica-3472bedd78.jpg","Where to See Toucans in Costa Rica","Explore real Costa Rica photography from WildPhotography.com. Discover birds, toucans, Birds, wildlife, beaches, waterfalls, and travel inspiration through a searchable Costa Rica photo archive.","Costa Rica Birds","https://wildphotography.com/photo/birds--_cl0a0992","toucan|birdwatching|avian|macaw|ara macao|lapa|scarlet macaw|nature photography|costa rica birds|wildlife|keel-billed toucan|Costa Rica","queued"
"47540","https://images.wildphotography.com/derivatives/large/47540_birds--_img_8458_large.webp","public/generated/pinterest/47540-beautiful-birds-from-costa-rica-deb3656b16.jpg","Beautiful Birds from Costa Rica","Explore real Costa Rica photography from WildPhotography.com. Discover birds, toucans, Birds, wildlife, beaches, waterfalls, and travel inspiration through a searchable Costa Rica photo archive.","Costa Rica Birds","https://wildphotography.com/photo/birds--_img_8458","toucan|birdwatching|avian|macaw|ara macao|lapa|scarlet macaw|nature photography|costa rica birds|wildlife|keel-billed toucan|Costa Rica","queued"
"47564","https://images.wildphotography.com/derivatives/large/47564_birds--_img_0495_large.webp","public/generated/pinterest/47564-tropical-wall-art-from-costa-rica-cb74c58f59.jpg","Tropical Wall Art from Costa Rica","Explore real Costa Rica photography from WildPhotography.com. Discover birds, toucans, Birds, wildlife, beaches, waterfalls, and travel inspiration through a searchable Costa Rica photo archive.","Costa Rica Birds","https://wildphotography.com/photo/birds--_img_0495","toucan|birdwatching|avian|macaw|ara macao|lapa|scarlet macaw|nature photography|costa rica birds|wildlife|keel-billed toucan|Costa Rica","queued"
"47552","https://images.wildphotography.com/derivatives/large/47552_birds--_ar_img_1724_large.webp","public/generated/pinterest/47552-12-amazing-birds-in-costa-rica-4df881ee95.jpg","12 Amazing Birds in Costa Rica","Explore real Costa Rica photography from WildPhotography.com. Discover birds, toucans, Birds, wildlife, beaches, waterfalls, and travel inspiration through a searchable Costa Rica photo archive.","Costa Rica Birds","https://wildphotography.com/photo/birds--_ar_img_1724","toucan|birdwatching|avian|macaw|ara macao|lapa|scarlet macaw|nature photography|costa rica birds|wildlife|keel-billed toucan|Costa Rica","queued"